key,value
278670620785117865706424567175710324253,97642519388707873205867907648170780481
6914659350127835767277004186254543256,196005331680713871354533417691849753105
314959510063179466405246371420149075888,243490107842882461996229990193687154662
119832752516394115344278443059446251873,190033735527069355366244371625103680544
67233738779999589263532423971022679898,130795709381344444047586823451178200242
236392693325480863484153434384225715183,44268700048185469941142560295478215444
161329288122794757260584430427458753995,85087418475154749152141123162629130143
159794327834942753849002414221949690286,193664999573666448867731635478653951753
4241669921229404139082408848848758703,172153543666247816806759042386382120264
74614970273551524576475576503272644163,308314353145675426366334611702378351556
235634282827988936915493371713010081272,337412851846311901752526307819936619155
169985279256048023888845650672722175220,332517901419767155128844812195111380062
160954064146841061406476001525903025155,46191640879499987141173371618996531252
193332356340098943607467120114736153105,32391583677512316469168735873083644139
167293263511487509065588560604570914791,79131279700081345907648327202116392478
67542819562039283083485159398734858229,97838202129037613698825773851236334100
171594623348570098812656115151995122227,119586716702306479980986963731737042161
242510673439807591203621470195491534328,227816003682373192908240301897243180756
191125779426033576262380962280810769324,136473984935899813841623086742894071750
73315757435103683849782316096746449034,49961027199917521583611836631977978351
154509541528497840609585117190955977258,42857747119607039945780613246934263498
151095052464124381320255376751892471843,211060940398215921340555506042628415210
128864671543392715460642840194950548973,28168103670462441468083505571479420809
238266644375731848998698639232257669094,158055086035486556511877745998444133188
23483978711088292656577340227136986061,307296680464602944932060049928582307184
97665302909549669357774781315955622476,199798074941429401473205607267497283638
237256483802245902077052184793183143650,177572701959921707028558645536695895571
36117823836866151725685934670870456759,209714495438353367457074983593718165618
318674726591910658639978466570990768582,187811142315959538108055520711370278703
299198669245754912362242573446913570956,158299981768848607452363833508978185697
54385516079938796775517623202401997244,13805809252625811845785443620071804571
310551670535320280355885711088082517418,204341960050367493151778537538251481600
12103881892969830983217788975497068772,63601550394957580295379017456751291159
282404528177888166450995576655704205424,126310918654213902556591261467758237492
138345248693800994437984478491187063354,20053073166162858263697582885371904241
127290184441279310535355457886411893726,45292647186172441735841592466179765472
273237998598910728611787273156012451878,125502207183856337492141997867338154071
198936443118916973992892324359837302410,49683782548670019159850866323932569192
306473253262091765049763086185274295433,92967614965110703585066305459127905238
198443670752302921100916545225752743724,223314508351389161201654321479717145806
100137912616745690824121920936646696145,68392505017983116356032511692822803706
242145277625526875861213103085292872985,247847981440911092072166329638639734094
63431838059413666822362028552788224505,204423145919892037933161953951207228160
14774409277126063126661033540756989387,67993652888637682630812901857449189632
221634801246582047924771801271342249381,320060469011751926260558606067969269712
120699148281525857099730105562321161043,136514605999453611825098825388223549142
328061282798527833834838128719668412174,283558293246005990663709440149753884584
226773488887873370043058224264379031467,279314951167569626560596124168712662648
199853328046019154419211981995504510860,302893912332815337728865488476919839891
156116975885550933775963929621379733476,125125112321203220900441659711535792791
263437367227127561594111334222589372520,11668906718981530835920074882140526055
4909821468516290079102823017047726970,267256837527603754879138076021398446837
336012297262217698703859504783797836984,277174443863356822348707919532736234280
20786269682391786831082432473011674920,80694382300760524953423274887848040459
94219013673619065177409196445920020118,304101525323209266806439563122775664888
38964049590184367836634015684790917940,140883329128131121176939136765883234642
277996967583926203599150933479795804749,60483723545089663819104806495100398093
161970404878286897182885200921246630310,64570643879715253479795652005282142767
311546844044569143519767310288314635688,119492643835446327661279528041813201707
114288125121359603485581677260099438135,213345689108718144564721491628190338154
151804493872101555057310087868164806493,37762329657851914012884898843434425848
204562902264755160914408361424896832537,319752814765231880977426775080107733646
232431878257693036067661390190718981397,324626376052689589782397343957709406154
330533433180646347916461592929760725674,162873792478138432081105344798727528061
55562215218135245003984812699426126666,118582655361991005031276235718006163465
76609623341497047443865767991341106151,172219288669838007944395210017109682802
198710547429433546802471682521382716257,320595098131909906753043757693741074636
27174836225035746275962126890852244600,262294757272363421701550912745349389378
276423397245910620776621590158799814323,61580758569845951312699891382772326318
326223107569973962045574083887216707647,47152967877223851114924484063199870981
9191525064451266437493499177048843083,250687961130444033542087036243996453037
234722762726119225986566868152648860460,319173437888691122010182414416326119104
293781040482531587119166836074903140872,226860172407623240760201134990774661613
131007458911694752023000361242306727048,324184960372896210017019859612645413263
276411710214819379215924680370935953756,27596515865240841298426802004490985221
254206463972261348504604069088414161442,97791574865136955496449335471933322805
178543061126877629032872643998281959736,131431862908493607942611908362053448605
46954464998841328347124197551138595975,124251774115181539230979243630683872431
292226601137019743752573710352580113251,143649067765576922077247461961043982512
23798250729102169905631489475501646686,141403398498760165126382823496960156553
208574073854087206713120504456431535117,13983293948157909741523410907494113255
187687730247239887199242298281604513122,166156312407415647585275703727325025522
148300031609365488455390911840099057699,213490508521835546928818267853258506144
305100162076441961167642465041016221893,246876350650967403707157853267686317777
130327714308520893687869975972060711135,78988125573903857843019093509907947972
255108399348509232183114700314950507200,17177680291414480882894961995443064539
284289262599222381893513680122047002072,148003784428787017115076438518387234666
171393806182126451145439565179177620191,50832562740437460762823349121904509485
7398635782806082218191068516932217563,336159032614213405032717507547367921571
181897807158395748279698873611778915110,270179056105308905280213553738086362749
161486175702148784901629335953881302568,693432629182286177955641794762577160
175562909432619934444131800620704322503,190363599474329734652367259265312341461
54916680806733923201448976235996873041,150515672857948914854689487410666558629
179072937567065442380690691583864063665,211005960772766686298209969792461583426
254620797215792268727124850763740720469,181118881845122967797064067980351127288
215013937130066113779776116398002755726,318994435350272136944620250151565667832
103644236968047001887924360381403138363,284741992895990508229681749904891701455
159848679227101563468773206985846582106,94328253871645590638921348448544249767
7179638990612290702223561203655514666,118917525454690693905524937620626684061
253075619271593206063580561131295254907,306573220944906256371572882640729549451
340108665631981411990069839432620727279,220741841969465748299269161223738576793
331279616161844342561394189454987735045,324879333592653213699625352203499281187
256506535180458328937966347357874931291,43851749761427026493681351325262933915
30350683460855214054536028032320247166,138297627912231384378590562660799407821
105797082995986099273029541992869963514,199730353353587598394114087881260008685
56547924910607946813224107485975326908,204970599159746555219930287155386461953
172392496093345899284196617385378578552,106929178885913623531696741048283899723
38303716124762473335161605620991649866,183025464704502935824017577554766585688
337285070888039958595511540679701605032,321928760210359948950963376510250746400
265790643472221134333474355201800371357,3913350914876242485407110266981676669
323312782765414158430559552711516750701,159372502439978452467218289402634314730
137712510800002257955300833529271593696,136836798576911906433199306094380031663
8886248577791804245705149494612790736,231600321799180260673428553496519011043
16084159741968519759472591505957313393,281897868553931907132753871435191403807
182470075824134875121220944320381426234,277386019926979560273719905228898923536
105639520463344320914593236045999724888,325023894705358601599994502983658484567
278096134280658701890486779687623832086,60171875026893882502498702847776339697
49506153169520893671568679066935190640,101668310308393556509454214501363049501
109365135949424688853283457370818220054,188232724677233323282950784983407680997
280225182280933314377145634755871174178,64671936089886113387421031794400506693
320248301121783469620832674458695407356,323014971351339037299375954274873637172
75619791911858141343369851766499141717,246934205038787630851511146752363165933
147436364922409327389207500807844362257,163191832735317642662231707769660745345
273439169267972248464462732307643028206,211775524424384765603554172770142241041
178060456001276417605593810717853002653,256013086193311247215928733621992915487
21515987862086553377671097039417856494,58583766973306207493886699358268188155
281510886522166182402073115163821819093,276305256729614711405341442046416105586
281247011388469185608386894760716950810,248383743000166209104050701103867171124
293831611765584144197790851952813730387,24920246653477735612869287030989507270
117048798202418541832405276148006208616,280682402516362552798407348965779954637
240648137102171584226891517016669430597,151548571128633685563968370637361801735
128509068598030968618691862783989681611,12021883911792942475743107778876770192
174747882389414431832123482731564307176,14199996472225431718022946881307554889
286286848446076413977452194435695273868,307446823450050444103934487064232878132
70099737181675107258123458786109977356,291233950795126763855341419675775878162
110912415048964752933427906271712694044,48051865749113188338256304710290952004
103894743174560303342644610120199688596,230102156659273150341939617843194957663
264367158187815394662369597725037371684,197309508153946749806596778877078106226
309220428164626536914853016173357268161,258085501860277990372079423247494852500
178964341707619751626865300640040330653,101448780813964834045634164340182088156
69462114708688098742685766778843749678,93731372825445561790673721644937117639
74297632922647195224654837332671274779,240279453712257853100966747132438213964
251526132147751968093431496324619370359,163268586854268783738346342952837786240
8377624471457330272642731889393508741,119252525808591281704983053301915161552
6610075820151999689949583521173778345,174389819335316919211448675342385665423
84905735256066464190838012343478083174,328378067690178339266855283141227302967
38744194712306256353187507578053062927,72159925462770426328172156985397444456
196840873748053773159020217546836327991,273135884392316477256308684474149955924
70772434702459085517610845243756507726,122722022531846526575351136815095281476
42388453896913012837534726910244694098,104152499350861325172123320178410404381
47762447230910601795595804402289261674,157547127422931386900605739093792936817
306514718826032141682600016782854353202,79042609193119644951203637989982456866
79581101313681055827314239690627443419,110920799820860635241335192006836479296
109444579971983668502030687087177558075,82059393187522109289262104351148481958
75440519037091009846526859837694296684,79994104548274100616628586778917703823
1521981440149611905022057716986109322,189009715203076697331239277162833369756
146556229926506817285916656663974422409,212689431014854525756599021347839035574
138159038193450224253507012757006712005,306874025224032264424013594414007921952
184250578896926095451498932451053995742,61814624409422291209067095383598307837
327866999765619235674790498362183754817,217461371198867192650706814747212173511
205781898680549804345479617617733208524,1565357192891508075505737625735790852
152469240602687841776503292167751385000,293928365581920532474505925739533723839
118494449058279606685672609420614368345,85235666687780913357318516092721653676
311043781732182896668059488697219789733,144367547399429442078867947040622104761
275909246679116865361313060076697246583,27026583619573330638027359242431910579
100052315405376758541252513125438184377,23366431054596581743404392819987987028
285364457309743942223698674448330987539,284501100950294364990014764522685450733
232537669386274851009982570709124908622,176587491000366304654876394877704359268
44267638518434056696134377762781604101,232819592152471270568311686140166591753
327606500505155444168663551890670588207,304590654594922061370587450374796920147
286081043638562140347260694313908900660,182967751216753643356333657712461788091
225976969261208625627249174869551206322,27853232954554141117979145941529469159
71208142621052179237032899090110311965,247841085172916609997265922662206637568
61372271952299713225857021250672325198,18567000376025789463111385787606055479
181164669847100069722957730566670176970,13582280906610431610650627784054980310
330625477261082447809045345054717882737,127797488062144944515318162029812858473
317535239167776225635271376863921915419,59936456988940846157283469589775505278
6394139043185318759347330312068867302,283968123089248702294114023034826884602
281999674120213373432902206519288018750,56139419863382433961108380169692634637
289798470100974371750105666356151425722,142714715510077829186104936545721774372
333984656429749030208828393585039733667,255143317342572071563281348002362535049
79092926884250656537615409352047571381,185184145264431438530966218382831635221
321983672777211301845271235523626876310,231127411095108470033527851187033691166
257937491550889658396648244944915492568,180235513006788207449207323201837077413
338637089699373384474790253094337655187,12095283639284868519226140103553150470
133684769411810026075211626195248127676,163343690531719937387714791779491062654
184769463029274505568853421949896904884,42675894505540372008935072726126000413
124767951130468687733771783268956845926,273095353136816521613295518147947532008
137931919348392684160669882383897557779,250590034141437405992264640886723278106
46224234209074970792773091545451907781,246683024575896087329263665253659536840
227606968557039050008665541286382915337,33036589288874812885756403303762185803
214405216877612497924331243038765606868,318545264286957114130417227629356133755
52815256564664238716876882195711425154,333981772350067040076614036135069619058
11757222387074306794005369042846544019,74823247793437106341024661537775439434
301348555416412696280719597955792219994,282390845802868382955300571229014145403
134279751546562924318739779940996813531,110875741284677150579186389890317042825
136539128178992407299090743076784774188,264611365670074344836113048537498436256
72959059252677332973473976982481411368,314941378754978607730259453793064968162
331223107757044151402888584723970456950,290417748853496158453987635097447396165
92788539599373082799551236480733914079,121781000974744788061931730881424416232
215799453751438017390572076109836833966,237906134291273257732246305662242947191
170526177199673768156223740231967864158,322972518359918373992598689940084432946
193284623984913415448540066786918231426,254851542485096733937071841839604447566
322768435126206045823115768821016732768,87678505212395639881123486552667675208
184263270080085683873621537666094332268,198681020367659675218867216645017926869
287086329638249085937761430963158862591,170741478277343241626755457416731749962
226672397514554143719407720123602497736,283012130558416357027086935430960422521
337872159538993932702018705630394646734,337231871544064610920740436358964868415
205211465091843434841700986160224182046,61735600960637315646068949307358940391
185360648736938375474924264773656299964,273348900231401675590479939848950134146
219912276852968237338769719836754031339,224860792098965485464646502657444874764
265337138319757298779864750632289626714,93881429257921579680416054815337293072
144419284799574581376524993602334290533,228112021868198711564883377175047214293
323213397446450714027617902303819581772,321136010965449472007542068814297817010
190726913403380200487047002353374824920,16388392212398785182206123172216841375
69276173176663661863890868144478704061,82946882731785251617226028188611295280
11404494576702295138135000220614080584,338766036491594266223611678641833929951
89824979988459409988748969255930899137,158645157453966230195896944545056604070
205420177219505781931716462207832021743,23345582455495855432767705119916936988
84193767343139527590434864315910732108,47433049455723331075627331104024201656
85980652346610578659534160431312967717,244087094680154768794499742318587594164
233387121637229296878878845062171593082,310411182974876498100665077226142887416
150889139579218545011452575608394694501,274725415769189401865001778633742434169
313474020830155114551164206010067777772,328839098826999765241958942346516385662
143180095666803118989134210822756298128,153105334366586636489085333415186825768
152377595025429869275286838555750407957,301106225119779774551110359114713020979
43421200981548310829327247888962736186,339358932628160266369364512041089635512
233610428453372921271231623942882443242,230493430614174074484011515084250863959
99071593429738094342750326768881533902,843424505408758980373701657240499837
256989424823944068568093590908130911766,301511499495341269659213133712463859851
123087165701390601582087965530947940359,101013294258006768109190719901925703979
293908506849382917473274697222162852817,15456886423829971757999073850811031166
86125585332235076791572295803612283946,181487586159089826465759749880569201659
267291110273246918107002909676646290882,260233029170861692275900347550331750061
95458250117615466000826800938779635314,86623093575871077369705657101250185908
324960922282643996053381176361201787883,217192269862149479737346154721257453275
182613240092669287789851366401623915412,67699491505537825955316853998941806199
105711682447665746900907857517155724735,150900740095268321232438914862390877855
176377953662323469769144588416756170572,170907274980879036943616467506141021685
653828921527848599241393137720493278,257601840938920982670036570918613546873
338498759838699010156856908285065036183,52428036325693175283285357311462812213
91974224937720151691774143831896433523,120253751732804907239657801354642003945
284095974329997169633548364768647330168,220776662610536003770492498545281136298
175521364519616103549337591837901090640,105965422636129779871049266763847775893
268793189611404021875530954379808401170,207919645866156957973337247857383097250
159246582390595848336935501062226813756,256834865060489929196654641442240240915
63848539146548915444997819169468707479,12284516984998659021016169561955460077
48717406886021414292527996959524002980,139198967544643600752963972655158030266
297785512903367784229642404250519716388,238245657068756127675206648272477495413
312064133354922238480918157396567104203,287767716983186217054809174220237278701
296066031568438860042537606323848520750,53914095351919674150523233062446545261
56894317932514770821818110323453365009,49082031932070426767919162370781844395
139627178007017355764062546195295319607,216793383121616893683095583433542448195
128019099340960115900959280325475819151,5964805762181715448328502756397706870
93879528172761761358840954915696474303,127174077911888377340440305358723835277
151357788234136285204846148091000653066,168548684948103191460671281800961277380
258279633282412478843420880695540312841,23984240580861577746021518557967480097
218909152475776885754956746175591575078,168585121383598170796276707660106935005
98210538746605880611369805182401652953,266091016516989592049900998016124284254
66688904869186488255437858589594249826,66577323817852190758966265268355645879
253181574222745284223665069670093956895,129552417018852021421868657903976072412
339898757989460517182195199654347119342,146275686362298115555096537142949221177
28295455928536782230214385537910739385,245949697197117443019802305139702921279
294569001064502061848752613047804380707,215867623647533625723085097512553125605
180718243668838641862238782068100753996,9736600202819650560959572231598174787
140645580429957424851440820045272463334,46810940665541808118783646047380020842
19049144168037594922270273279427602542,326531647636586830782907195364355588718
210510297843486271198306459833771439556,129178937586513184843146689978802332029
288887773141049333558317563203689589826,29965714400236005931924158395462590905
339526669974060788300030171424392112598,144648252045324516426148312667793919230
249843142193253058904992119646402462680,263263462184775288614545155932751904541
334449061591045472834890280408309720617,65729719737207682234271449704884906234
267529353937303287829141090706752274332,339138822096275296024152586798930209002
237191724188174860796817833584581858413,143368612219098336782852083759477676881
157914441832817290193328880129311660921,295283822877549682382510793885925651642
45269254810160072689735712630020415450,228436129250917224131014235899470496899
325380753977708918918240423799407359917,316605066187268087644266333397284527554
73957364061538019825390730828738456574,30334925275654596426070570351320688380
43793176001446794836859571517107022466,332529137656158536125307371186036958177
14634169960884195762320376779439316597,290606081978462874783279382082613880458
214450492712120316050282413839962036791,250095587299147812012403343122526819455
7905389209953350692427045785712121968,44245829305305493168519722593390561483
291928130119090572739531014728520438633,99432388620516194719166859801475558819
333877684919654122468486520018560036464,28944357711528711567678964245788889264
206801915786372574926089929547341804972,274946102001181158341385942523248642980
182416689577084508409687200641354208438,215627361444022067756939362556393529793
168769041465537071400646573476604202182,260312296877360033100332148819477882850
258463093690677596779556628149292771606,334686930289557027941736774226443871617
89911363463253894814106985529836296098,56592299664847795320062330101662615940
140281344042757632117954538158939927243,213042729717044833073571936593397044207
304114229902936502374208477730251276231,41338233900852215337474194786326915698
81915540293695546704861960636715215035,272379003022757208289980074725246829946
104593260285075858394713775138041233392,169161715432638976917880878328011122129
35699206762044667475021877435079790884,173878668125602265439008305684356585668
334601340795885928430852040047727567213,231240759925568381211823986289381876341
280274746868306146658437767980031170112,273725666905016151126256212918000231555
49692014791963250317387963358140014096,9981910387124786059926446923337119336
94585826686134545782674086191455923652,167587455125825398331276315676927688186
336579759572774366957531928367253107810,299739835956905660031765708104784834209
131866256405414398459323127594095605665,26557744365717931219357446352417768461
241850699815979440098560315444245860243,232960897434264875515873118715961044841
84885874831297508984599656615202418804,203077540893981702928030757237463954342
259432624571867782016105583969272577966,71760630968430739142289743797278643957
253396788086486089694622466739783415725,247890008267003813448826480470648406679
28826541675919287099821819551314984249,5964455486328253534774882456860967225
23788429231457405587937831137426142062,247513072117347569529614304321796313848
43903421042063127825148780362655828429,245572432592084171586454138851516274327
270887518318019975956652835406732114987,307839973791044655028282907052410216560
76785794670407003585772528944503436946,262215075282164693965464478003980178478
175987916266160130321156484760598002392,243334168013350108429843973509007714267
44242932458318665063182174750216302475,109697987348643580059577941471202202642
312183687608002214326931088214177800360,322962262122580083130231820507538266643
317921002059579436396157633541633379283,269794417881498266008638486996621664617
259298240651385335746011136175703251013,215774335102743098962153656759565829353
275650514515481551074484061153415460168,202667817569823962582954855158058233892
138071970564546658046414435950641196010,130517509983684753693556813589444113382
70236427764298914063696683513198680555,184937300043628005726419656459899589455
139317123952069904137240040602990493791,170662401873808996377869901090366293444
128450000481623791775616297044508998611,184952284958475948107153576571188065481
31767449839091462287452401559242656260,33868249831517051826557568350042114262
284757419278427837400378101626698157933,100755313670534656386627029458421959880
34472548700268633761856853657582695737,330312392386276578627820750157004452533
100767987552530789403018119861758336963,75153079942911596647284162787953457354
188734481192963292168615620655152519936,163220067146527950300498760330449790710
314341003761077052421259134606571534669,44613181415483874992367518745726863920
271010665215076260118481367680292596463,334048903725800816215750511872655063552
327418770955640596942660759726295800363,178522629061167294408469755050838039264
105882239717481996492117100191661132690,163789759135562277279528861057527405499
77594306112138992119895104103791859163,235691074642849128931233219461515194580
249200236994414261322577357941953363570,67705721992366001140739671856249025729
304431907765459091645946824803528440254,186029652124035474676787514706493886297
385230460361916206905698892389686481,339300213640759085132271389099159862363
203977700563159449425289919550806914333,263591351538224841293860667846559219873
79716033201278807521192932131716085418,107824228567416542576071106298131007945
113552234325632069729587356267003319265,254243581025899995636890419363074884117
190912265278600985383754707620332249637,113650706025799942513629691497918486292
112610739464868446737642316986097584082,205985966906230301001100911575690531634
102077374659462711278668985584298842183,66802724580336927422634867590760179614
210344550423583826425315402180515031326,275000220012758891505639702713233749426
136586032804520633393515069056188554458,296226674330979979639352732287532909317
137823104403037319790634677644797572286,130470439987254547552329518892904353100
263508351760908848130379175882926283180,249786285442262690501611302683573224827
181225442700604021155367206863197447186,60334410004515056469541931268420560866
230391174350936762767405680359134329403,228197332641936752482005079119599806933
68113122329159267324003784405097632798,197199821286116285672985209924810955425
45531009988768205400892250934408476521,1582907996193291097479280145950348543
332308051508686384840371859820759718077,124851619624169680387399377183239076284
339350508664750994865582856839480974527,254567166892408460637139778287698082916
13375364888150120818952527815926070215,328820237041692905369049459458077901363
92683447404504435079625028013522490164,274283133322634159151291201771613608505
271665250815305463321068522708598665960,33493285305765311000197997199633730643
101911667432053288780136376421664343702,319496269990693404238679066485309526520
162541606146044780729140218570223727153,53112881060053617706879683679251454780
126365123675248639736655010350983459029,59139861143440679957371792151781878694
71566070310116585314020166325787504753,245129171679028748501486513448680426635
325582562944880873182072783084743592399,283381053408156682523877200720021629957
97117969488671198275809618088216142198,104520296319927128762718065236202084090
270020963749988365950793263732960074770,205464676807713429383186909682463557299
134345755527134339807412569005865348945,73263193995357711696393742148474903146
257754857314520453956480859760735372199,258769603750100388552331696555882506168
237305003407555764283226231599414102952,138910642237472847263448743032438324836
338518845566545971516185685156343172938,61771273718812727103025407066405087718
226117721521946075555018116109060031004,229708092054393285159419191241722193723
71270903215558570310602327700603562188,329993095501689479860448149011833769959
23360503453431115968615284367177780127,224648813804688460998098209248183785525
186224219528725049197917007062117805283,6078019392391111727266216332185623603
103189190497642863849319524814353554833,96369347489335702607656561865286993604
299115917628793364306838829384254670328,49583486373355964209534878743641861624
246095508327426350543482514400120868183,13090258606211121663566533533227846311
263962320593582535058864891152412435131,163758977723198866011779217957551221046
238225778091901003398442462088159905654,85871415718312300157562832211730806435
242102759114028637824321442828982689299,276991123131545946238662607739894932800
118378386590134149070353527644801591883,29595910819314444908952128801688958877
82990339565702141364559622436642173451,301208051512204535467996418274073607027
136594438592176222604661995146820518142,314419304081043584999490625402125140028
38462025232052636490275983779978530130,220149062947358804210473448921643617199
94724012248507960061844773187045561806,289183156881704060455726897554040317041
334688503763795018039922853331933522776,252152815853551248120980780575923988623
159751204723119722342939555392361428995,82479377389456859193067187073152543812
34634490727828423418611913485495364616,43873462002975505304973753846089564117
327962439556661162251574338630855364417,112156492803331839858938272346169739789
102458210284987992900764884277156197921,147712678218431343592559623427844025656
117650068354859493812119548869312848946,147493936984684838518664496135486398480
37501725500630815706850421893747189788,300502259091527409643666390753289137517
41747430858017701041512172328366081670,324812326512673454257462998034481940121
204247761830270780447417132621449287127,128333081901066799484487259503622765520
288480339522582576369979790661313058186,142478819024432800807947320083662820625
97998821478283428395403337469371927481,322945785231724345557738031545676187427
9820239522719154063868474736136745088,141594619759994479285168086549306774005
207727207572359560456424985855895239507,324292237666100751668739560191245576730
150183320832141005721125406847027249413,167508339549157068769843964868805830881
221705370053770154121167724789642283826,149247698121298772890725983788459770285
290150904997863768938326116076598606010,139074366248521699937835742754659099828
332407928643670279692782112115991483060,277379621213036426206549902135090064862
130001155213148320451711431727589315836,267229076854300378973186307584478207879
152168396522467011185089821767922420328,70653388102607064754424652457003722656
248324448597541613635347578740694245876,119928009447087718327420637105071103470
149590093813637219650065753878388892265,318709933872462291981371865925066229916
75915494915000373014089157646512495506,10002005346876879388457826966763984610
122197366155459138558408048530422925531,127036549922133057528270273881462836553
269456491457464651251466727814404020214,69108630956836674659197185315555179437
137146203214393799319715992127451188685,279626550609368111377970980886084679551
169217583048135169488552689221220024709,312068732017704265034569545123506289393
102334682911274984282326702404362468556,139542827958223761613563560198494336379
105911930325379853237556641376027686264,255781800795138637359992994235612424117
212358125439869882101654391161649957994,271028231055785608899090488563090231050
124814724158907473341651436883269849610,57797505978068839717943442181588455256
314355135289867265713482386678989256496,325694724424040384129993114321766442165
338762099390368012843013096441943046870,21756307496987691143398864728224195204
67833252445136615128586330117189725219,147818274530807892921211427051559590961
56278269503380056179705097115649949349,22957726537038372843790298797959473352
272408228799457171620290615021304914277,309890673838165523824400788059651600438
220263818102728083994284130903787558165,98367509752460603301169793007948982166
8154816088295146712020142999646742217,335690277122338147832525122631943005413
32263223602825215035349881149731849063,268954577109349525800753622602172116039
23586356159679159850901949233896328524,36945054850522332312113789114161608202
252784171907214192010326254868493858489,66564741172088947969611165569598919834
302625549332644410223828647632414143080,27949733595772807141790730335950476321
102963725214828281250352941519414285362,138215954243157485409359562955917165001
12988466911911039830831767227307554814,19031085017746458886929887570834782330
35810091149530377382133229485243906503,132465844282004251067756329971236810107
19500864359453571874603424670465560129,55667760002412194336985139712895791126
156463283475195584433296761215906448428,291531343119351753020267064385255333090
301720822390045698423932456358451609728,232507974485339993268394439655107766110
301744675909164231613958425181123085850,11664674933862460267539992869169075621
1680572765052775361994621501262993163,253492059360534365121771388358975576133
127483778042122726249154936643604551265,96283432462010932449355243588757165320
40261743893491337288946255383361350593,104908170398164684364598619713803720266
88636091765014738791716449872973428583,222144947092634467925513768742524942448
132810404873233932374232069883656433186,255523592877415807777470573914449740032
304266097588430531327377979087058358108,275299805350988882201705998556128080994
116002924752232258311400178154863991766,294110951388513431905958675423692670183
21770723413453801792511763129288576210,32500143645505088462367745583123312705
271255085703735883272290643373938277879,51788132158976464549569184043072379791
234290258300302484528177536575181166725,321390148541085033604049401700335251255
278656119291311081817863279183313662954,155127316277152542065084133585057875707
207820887824878769615345173621017538029,99335769688325191746816753819219196952
137818936264575581725226665020630694455,1059235535154767782340886356805812052
127623225973188183429054504718844312391,192383839169207555291670772662135406609
75874040222885264834178986503254641464,284532067211600901906936399971844018317
146858675862891694251320197341358889211,82972960875486423342489977884214818774
38204560111132189799531969855490905237,338824350863261094648117676092353405120
330862973393060983023740077813221590433,280851618794018053866562906607960291074
216228658910536494931248452883165829395,8396442941637525345415770502678498276
16948621348033005468983306772680588623,195212844082240392280157808878183179540
86217843636161551607372955008769677720,203999956623524729808977699568197486193
3641009096792896548735344033113432849,185946326386885630885711383367008618558
273672752905933253922061053080215769331,185331682901373076496474138743657898804
13342206838494718559385250555448531070,18409668019426754332029580641931173850
307105084671868059031637762397613107123,338834612531653940305245086210085577938
163706733819554160757709491762277047397,87235199896837987849655477789493548464
308564858983184629405170119385185564997,94656631944141280943065679498230826541
248821150496988764924552731461556149052,157924624577414041280544300644889263992
217997819176403096964964903439173306517,180009820337209317260440902221458829425
88725978539649740216225109286941071516,5683574608152330099642701611204965013
10781964804471919497705326075105575259,203900067428548370533809421942225934237
117368850408402779609094884734029826316,310051592451592899231635004862425319513
319763119463487144003108900277273421268,2738446848667017338964978681754675985
203706871481593330815024012428251153608,241345152190249533236483019398278236689
28115411343202133488220792779451544329,116054815369868435406806014689380506396
74586734068088574299738687982827467150,106021367746682088673128624970337174636
254788076581470245442318153904213198698,250559252112485533253275175807424703979
195105697549686348470646020746437672480,189721540973769810324851707606976266934
175230561128435790396093770980136515732,190278834751311657824995268710275377311
202930900008645127730746470602358445410,270702348749935874301003178021910061341
185299035132706658533117167961635595294,73906723761109856313303417439496150499
310385556927228239670445147899040435410,185074034703733104054844225467675087203
67971793679097944338510804884909215610,213091145752243531938199706805349567002
62032759560529300280024725002112910685,22071319026272376940038824588264462073
55559872918489236024728271099124271060,302500335077753527066125213305449594957
83644906654935366768164892942805236056,225250302888696847397358104545025988775
151900820582510164487972708016350959770,318176875314826223840200804940261284771
28056026196528545559259234132730482161,46178067079666405732997262479870766509
91194043334784335331412667224804753765,215606527810540526346973422550577872697
129727796673496268492262862634284895297,62706299970589663602845323155250860301
140132690581734827725377798987382338325,74289949415151315220219375172281463069
296818583934187280594556502666397028902,333323038245530628034599913861077340065
75198811153772827643440018085798821718,157863540892168976285385522019083025371
235080964460460532331750858823463456383,29984780195664024823014685366201208494
197122643029679700124340129813558073238,82003531223783131766882404584169963617
29407499798703152634193509909863559200,160195237445718683308213146320493457423
3973248803759365314288448568174319820,140285857502991555239318450865624961642
13703756786258813847860795842813910240,240602136556606887247817012678956124718
163592422702908033136342092871186481050,118287348674736695844045197868729043422
313957101773688924995214729397729917937,38656519459878439987082708396394859072
186742748203924747884595193747253480491,198998813745896186247180206798411014050
49574491185844202704944869772840360716,43109471391729820260531827880507394968
134371674941689780273096637767691143347,243766136257864663951161406132319327701
254265223179413196419424639762900573496,168407041306640919919716966085918126508
207663679210398991003430938789627857177,197248042128223474890830059586721819269
294327800703809151546328295792478595077,18464425042581822076813422240115655936
253838220407516924881712342604201825263,244510390069165775121403822174694579861
181866328726636239924788974219742758911,302146216777369381426880584417734075615
10927502081343595813869344398122545874,321361894190065044457908339519457560159
324585464301414894802282224998372345707,141185406109018998746850991188574527551
294692636651320685391073035039354197150,139562989007428603125753546439130220494
207782187622308484723834485668025503934,137171146959074107507153917851939764403
216309453546903439145190152583818070881,117669033668705081471646267580616195063
122776933954722850053290233526255470004,152682177821569632316673093152183824186
32094528727872446270427973744990201606,218360308888916506389550700627060268989
108322152257885774029419959242079001623,110811811860550806526465759792421853445
323746711852927684867184792099816735580,136442084292466519557534052177311055238
116089771411030669664699726653743103038,35920506335951508771544055449717071771
208578282891596246081774966950013217910,104278232402065214746035563154301194898
246082751263059976383101155902644020669,103690124429370418986659850077503403757
271098219511804114507905172698773423097,29277965766797682576514035727081771461
267795873375710555373465660952561363800,168136944498703852306513686267662277558
295724774502086996359768336729244533290,337169448458410229024467138881144877345
271757276723687282790692237857470200169,291808276733722826355092252511167768529
10219130181308993040976201456095131232,178861818678295786858827639679419996210
143061342084016812183931811025688482194,72024226606497002810538764592126056402
130745083386058137675812926171961870374,116695858936820962766371943358869216031
145750540800937189853968820507236389529,155933714322003055567726517090383425621
236158127647148338855577975491188804944,58406398375827674715967466864075904837
124307983557571008770725787902240892663,153770385341975391327898539514532516848
273951955218144367715452599896908511639,182239298726040347660358334076380379093
167401587414227953622703991453957221384,296816146929599104780576885314712892217
89287291168140879291652387208264031511,295213749044741794975886643671453490984
232262896483170326038024245790927266380,300825557629483522248400350079805507926
268895062694814282839603538840673550295,231013165976007665585123216357410898311
256942382916595797800658003827282890805,149326714172351141672947337346101979670
287158022151246907644420979652687253301,44627766537182649307175919203296505910
43899132782073538697688519914993231320,224194139202470510721903631887843237328
332145251560220073407831090989735644113,65129677040748582435676136646614570794
246900377929170472469345886863783142057,75754662523307367234942220366366543890
310227952041497573575892487643151574402,262862487314060820518579981124093268834
161956446362279935026338089108630658535,184529413068728245754803963073074373895
47935890661309881923251888013283268698,238413334537041936204871437694560139670
235978780744182224833700285368840288004,1323290328358737349659236269622892745
64986052750435075271019524025330418477,128902000037657933839563872322033364571
45719496033891711322477830065494517089,157878311190126389945676666349253832978
257918408686900224140912657270073313071,146036363014704140459257221856527504587
187160161612965305257980829741032899132,166761018607312104407168306895173456811
121734793240042177188209633719362917144,26255626277386952804286082907583206509
205618199458987952369162278275304475158,331602300786922967624571292995994598168
274146197190900584778062570757270562458,139558630442824601432428123535436516744
109752122564621105800018670266624998373,327740128820253285186920492887186710691
234946916029178077726664452636292766037,272858647790672483390928025830234722613
21461748266752589023792785908931424384,20677552648576836310770919628730762401
133982538887676734077574402734160022556,202276250207525279062687078591345743176
97939489247960064166164024358398586934,180874641264723663012847707326541955428
106068280535057531230455750160707129513,148476092352854730851942774402363494730
277907758583476819612399883632398500199,142784540133911489736347545082829371477
285898658082038589384616608402429901898,272502807370551274742351998916538978313
56805839657730121481731615838208660014,237743820973369690291451394387695313786
60391850529000196746618776056779762087,281019549987649696011897446597897512661
241420623037617815534389464184138985579,223637491571177649775542788470165175473
31285622246548093442525827209790254695,193539551278603431290602969472380042034
292014416764201432753626218026257408603,131280262485650032544107968380134209059
329322886027053794027058828861972841620,40299382811856334458523271604353905369
70370018569218710914751652279817601915,104726875179724841551554331316894889731
57682595612734460097943033137241803537,102582549232719805793258678917490820821
197081531875726203289626998671627571425,168991640514677834559849022441331896391
6181920871335096936086901475481537038,145519995300952122736731329166483344575
10805806405152260577160853788998244668,250287200159907220109856409917379664581
195514163948904955252040170328694612179,81877330201461280335714776270902834822
101161235863012862742305867155469683432,221041161227720364923744773335724953893
288236516307602354167329295874265182547,311959964621219620261500539848875260513
205659826489501559729433955780658201041,229104964690579425386427877784018154518
326716729726254602655740158665191653648,206102604026937506373885623303028542275
100270358448553647673306915121631348641,167174518819139258405873675685782653677
183181112972906618710140388152543935266,259696717084969323276412619977848952990
55047381249035593903749289911037652946,235414157685106316746943384413448182194
138662381196825173829246113249730561760,124663016204327089568514892856755051863
170349798278422543630037507018078255326,140217467298372976947425300136171946464
194842583830977070916484904192815161285,200327550819046001023699122518299246971
192755722652018598138399151885523224422,256185731766536506060641436234839083039
74833020694967073629123481179504813865,297205099771316479529772510857979940968
104072798451697896179554973057155930387,141233185840660677219726365703173290631
270296518096852899829421904274268703364,276358877125235570722391113480181669944
154721574302990287417306350569305706122,198238600679120897858716289914919105068
22700491238603021396747563386238075029,163607375764601274993401222439384079817
149193369316955442924223871562333858139,254992836769701980233183514339112673001
267311426286007582014455758148931528778,12147715160566707072535783608765062594
225131672579115293544801457205522995633,111430747765577450373116731883079477223
268289695449719598377820386731206774647,289211971124364395944090583546441040001
10638272765707730304685001027123534472,293744142234171013960317769716334551075
77734839641334262342437916898819929914,114357226938664695418919636367068035676
145592402838444030379502082849118464054,183611525291741252780521584168428729800
137646961395483882693674182486532901633,133635512785689083377278324063966707984
289717342010718658418249957316055261717,285433457203033025013127569734277388217
118865119239877166830596729607232528633,89222224072676802508870498726940876053
195733872088423669110611702950891427703,229571695142445814578326055431755007380
270072674954482131305401603805223104853,128357025848616369869238014354205715622
179021905918591848128278530561809637552,308953123951345307204447978814309354338
218965224745345522996985633063440147655,331387791466754855087430725109695767384
57980113553269168912676702587591328869,100295371330098572041440306473993322551
222617412885835023035430275428131676055,22537350020511006471222486915070705965
5860757997023904410228009504537066251,161026480007569620104179158759659653407
249968567377796279240650273684124633838,94811902537695940065843847894614373751
311648928407033086830092943395897999830,186994690564378299369763497129701084468
310419251239285368740980966749269552685,116024384992433301585111952227100029292
75993929744782884261639539298172227449,127540880839313798817286389857935948432
102252346825685612500201431455182585033,157102341118904711514578852009149263899
291315565895661592377684599051169963310,211417625538696124199134884473735865258
311669980049851746442942834398214931995,256360494860463210631484994818862767147
219906900290179504483134920771619788307,227715000105004366021234306065981123858
72935443323921798361558416291885723694,172831722316955827231781756919621268110
319741611180685298117609943340241715925,62257358560530686873935591883319933051
63921140623621290230360263126368212273,51979508591699440365278345880267752025
220190611742543838220113726098678234267,260889002233541749780653357943213666717
250043812642399208344389122290061846705,191455907996626119213320243600903534809
18838637371067889135678807735846974277,227219012883573082316979715924479196034
237526381886656945191191781545826128034,269067002773934445818501982634732799860
273429568102738777237172108969619130197,52195775210138236111894053309372753501
18194343700381966097541911999059304803,65815674370783440062619692612498868884
300296804754752676281964431867483691951,308757140402571529578859574770528440215
300032693395956795999271262339575331642,200617701822785431069480896389522056779
274695890133026765130748552680017809915,42219389638935078414424315820341596276
313306942864667693645384274810627467655,294237560378873761781446262755238146266
58809042378398066608841305586374685189,47730550064757787608301757220317008287
323280725114694858868238791525887285723,148066225650404311779946883207863756733
326112763389871232818219715571987376646,119439204104335434043135755007384981303
195261516796422769622833442549923384463,159871151646794315127750771240136067837
91474498089281090476388869343227047831,216951959100011940653806283625677571363
249915704301443392187580567611234750465,299316104235806496111640896674293104454
16012521596112917617157086542632035809,127287280262470532269917099620112138595
41254786520962668512755288852341534634,96881275309018284625425174487863784879
291532409593957893121324679457582971503,266690573312510158374842827172388970703
73451531793733013864111390519984802459,143235719624745015124331909569407316156
148188682961513683102137093745181729096,158187646598112164530667243417701015223
31922384913157630582095828958606034795,310254618011468650788472399842109359560
52884132851093592502487561570712228885,148571541523525347222756657969901155104
324019548355024194843729753111267120351,99108894187179442150645047604814633910
260841212251084398449156592015164334684,5310761076588561789096784851354901552
134304730308016548615029315256286917217,60487479569717054429817404586507292070
242983144891722721761895240157558769258,160028420483017955402176535455949169307
85225242864966150899212935160022714302,45759784467503728606735406274335893444
141356615145860264597349971608606578944,173815988865024619909537743304115194438
151234577076032057354369677395637672105,666614946469041773514158016856830414
133810689657013221631526039850976254037,92623592512448652256427191582004388866
336796188325372277454514145730275314098,48809451788431521630936721595243748702
77119108835255505285170372894022702845,312705758567376006280041826516505671052
152708937650183950259053713487328204719,243393803824383817713937729046884730249
265691698311415946365541784506022764065,242555164696740449087264265366248607106
58630169736161783615292726015608466505,670500995543722564209265357243917385
41251395768455329139840769466480413179,272374320238831611258851604648148138227
320715610593146566353136236073601998369,26389092293668696943732876710019673444
40721589521457667083256477847973051144,300401301220432912569475334062158518464
252568986092767189632495199940640649651,5292125701787607762841786528511382089
267009340381566764871034108999628786212,199015681403682497191868416342947423879
44516425935320926895434833295362156344,240223185884197429751108146054019273446
54611208340015771445043669122669655333,100768678492561705065059070251223167449
110807037592377596123100334744688062972,9413122955904804364779558183283119725
223710932613160620850004965256300896847,108418679073939349120687440647671434843
154476493674065353968634665310244819384,257144479245776006064155016046440497726
117288795539898739623542669513664990705,308808886913529852877280397041908921339
244874369308067112356302758746636141913,115205807334178995454021939130051984475
324857465026350375049719112006268519708,33149550097947237791427312023263059338
93068394533873420500002706203622143536,332071255008673608023139513186741608124
335135067761940404600050812008737796773,52151405987126945291808250918929101671
269254834531821556439899479823032320978,303021698531083215554865419726713701999
198340788171348429924810124105321843050,331203975601654104468170515617228633036
114759182612523892631591995509644546346,299226395002988566439902158635922283826
115528725547043781114187642317609677491,286178360762657382117804250566444517599
62700226429553094116018052814612512418,48900150189763085802632472305012734998
101154293606297903308627864216584166427,154608778709759407003984889527504415694
155554652968736707277186060364065097954,189528279198858803569643452012884428870
203699067334720229556414338888565929239,215256456971487231612460500137591621847
71761907405507457880752143994171359691,28750105224790562593058970411809117391
304521717506968566535148979332918498859,267996889955423150766949214095746086660
19978498321784445080167675282971775924,80765344161268615746448210556227747424
45325348984231368784008286536924405998,83252362389728491863748902181790985317
225608822224898003349675031734758001580,196198853131132008313291461868005330141
88557148463591793127207443726825482661,71951617815164706171470175972563035164
144942044434004837489978287307292534463,229311920701778276018218220560198015194
140704110823407440087550470415374456004,202542735828442697115386614007483223194
204461825201868068858078611952492384749,20702438509829678776419421359070504566
191419191189360466468773875566067615138,249446925145068861405812174917878290918
286204131650866670560318766530836243248,209464426555624673210466807442259442491
206664334869808576314078694398316693771,245578161409464632388539114305427635625
96217097248068214005904184939916851008,15441587447965576366408491871678708088
221462212872312288261643357948072017482,247388795229799736378044801457339381786
62423716894449199420575094499924072504,183316726164055748554705342393290618005
126715974524133104521480440041140532072,142827489287370700549478180566720191683
113066306815974373842209267381586557899,69448313263382485097527808433999633193
131556183675131972595478182808080158335,39416086992063216128738938212941528482
192772561029622776807550489074588121016,41619457878227687621020985319168012360
194509874217951237551314407167469459164,187965526768478140093126045517653421829
79379040850450279334961519060378537249,249447487480441464943849091607109810551
85199385218843453021251195954530276922,58131362182144616397857291057386193135
328347340785237287079901123151918509267,145592615451734678568283425980579797512
234804914548914314876286136048255181378,98714962730838466299571003485466890542
318124803479983438564123476111226093480,166761746133937976581929860283715287585
74015412208860725452591622540048720318,16616429952305185358312238285639027224
296227901089914655233132634242698713960,171656881920406132069238418631645027318
181447719105897835710328593777374898414,42654077027440515852710362588670957692
53309860202246210392891598989205757975,316593157767973017195462898011430656739
209833967581907389339026264499570711386,48310519311276148780566388416446108350
311507026797793592355557764498099138046,153600343956689660826877658894957201880
312482573544375746894080489026756093217,167192937459705581182792673471115831116
330996295850069043373807582252048799939,70157797021865017697329560129721046620
242542163935198402453031319229737006468,190468518533037029874577483319865693357
104472047848765725616472736873323292926,143852981408126364454634845586659026875
1957484319821935272730002160773007846,59128587952826097090817736455105760609
32257766845490167141622078132041190558,73019070938978572072168084716726908778
206321897086710906867723599267585173782,107017557090614697043178817100959843850
71411041803916251313560417069851396616,284873242035099184410121427463061125723
125212480234078932434444623479078591802,31181745597754529866625683755103950510
303326215940581636541381408436062418790,156348591216603825327512656585357682822
186969001350653340226605285930395170629,46479559079588030441946729333206994684
234701287543639861259880423500814257653,180746059112690778676834248511460966101
169492752868877812342071855102403416845,187279544281196817843942197016496560613
22994900341719407917611210191516396854,192178199627338941185310079717734618818
295315616402605620512782359745267725034,208106178319815111986768942299011028506
230649511251289758140737375417828738554,79761936372749152893231144797523325554
337926387199485778561979362240741151696,77272007338253131598632429072627288373
106458378830533836206774565359180441273,9397550941766008602806369904684146800
255600861839667882468552940491352532278,324588919994530301481211645246829996645
120135805227414897402657855094336976809,18666771025096344479126270335002660902
77065612182978588084440739546739082439,6686613289494527404227936546149624927
167648978058129054704129339768943105930,2806812009054943136109683957533405440
189737500231863727635423984101123489881,282352040126431071512216759185332703812
82470864166419334403810972465159124188,180726635619982866145197910034419161844
312990213756371318200042671358120438189,68613568308089261645761306145099304872
43854918336056536572114779168547755329,228558764421042741405334090333443250708
16020628044920169484200529991597194619,106089234931664475446405623494691661750
222878353780929011075211508713259341753,282081683454318295023845381304770216963
77736162759432594615617176730883191564,326283050944911068279874203553352143470
21055757992366833041565792564355354660,69666985517499638692238916947725694609
139677276970329784889778012843408876864,321972728113453987695760520197784745701
105229083499651302640231444659968959823,307790043314522031709983075495682043993
245575163160551020216978604717566661772,319403720097824504013918517421119985707
111970773906426315150131384705225960681,203467615132875084492034437634890109551
295064973708575267062743287784632826416,307420859132634103004170961861440499023
253777899309872945562545723480566626015,266432095215252625859841549329169314063
170890814460333245891873103697194713476,275724000191373329788019126694017388161
309229659315724756350890040692336837756,111762002924647604984492319958994743513
285161648854410021549497992566295693771,207120816769767028023419082512914578999
79125362022338789604720944981425349102,34446321262611418939247396480979360888
155989326404959178908629006206201247990,285832990480350799325319056746812846384
282798222853235871943960740131784747161,255603718488503894894719846205414020180
242274731401821910693601196217788412283,34697502836499775205753319408380212900
280699321360259099821924780066325408206,138291834826524029740516910052837428966
124787024481408681002550151390840885497,270412244137081918419223643238787475347
121814728591539266566952570438646131331,302546562875432415996066335307726654052
105002263105232330022230156454888409816,91144043952993566073206056209279990150
211414020798666280243564901144175445180,155185599178228030978426225449962650273
177974471955583567674139780446984875325,327789544805017256345160856632636432404
201928337286104503235898470412844987285,291741609633467904498445762498348965160
255527780553891116521242659861811371530,337738594257276282736005222757033556859
235831238264355128090758086492586417622,91779742107940686479383424396746761844
131782784938475737402386159247070550823,44022760695026362462747814206580862790
297987378397321560247967138724517666940,29054683124842405006799456561548432726
305470750664939993982847877830349667651,188342676792577619442598465065485235886
76238330490257407062114499449835162459,312345478522955962210724464331157180804
191387122812386390953830598591383717223,273760120388252474993097946982829191129
233371347886496956973910738483259558087,122289723130084310859567504090784161858
64179842636205360692316803342225114892,132302483046369271322004888183351372272
247261091877820848939745032596947339259,260870052439491766000910364618056166351
162901781729572373826792346662327903727,156405518395741485941889255312768636429
103008661542184008436562063227492266053,57757469504213664675078918390174233224
330561601075393166707413529516865266553,118718597796950781745218403413406859495
339108208583496243277690172889476778475,206633598887738659867452244478622409086
210321994199313272707710290619251783463,327335901130674034533567206269872624706
110100617209622923750578836797687782700,207608319479885432535306487742424978269
191785239129503115916727207239675006407,321608221703474843124245005727571938666
264603229020341644060354834031855430568,107247525705734781211045390911317011877
120335078148765463094086327742780202966,172826786591235183328878897480424705740
149682208483463438663175917554742351211,334058760376681259524602748992246473581
128818859813609706482911428659871638600,160850778884295650231798410350502669621
173193461914196226230896505566981712482,293336054649052020571522314777357240940
334654587111605348756281191136955869825,244413189791936284186256000743754680351
241375406640668445117033992288166732354,237371304408454152900046178857431179094
49083765270838554578009882661950172745,99314710258357057452138519685311618419
165627449674252905243189837986948201789,181167756366373256829656174866445745312
279648820375417253780733018570262462403,213659310888215982056185691443641814624
127271769291729319370555784631875013928,69740834228000094344125067779879807063
72373850308891848577063552720275545440,270013334597886395182605704671397234382
19215704376317585531287808044515696805,329986629304575034849883631155172112515
70243206810187982731075580472618725616,203228927704425057756634417096898651163
52104612809086244831533395793911793765,133643727097140421972788720787447469701
104094158149173742989803005458058897443,24950002378041978587040799723967953099
149678160114868713510682053453597819858,48204678189128996923503181359092289362
105124654437546777298021348333170708502,206246424416003246098606414931400091466
48668501991583464121124499740321817700,245039551914804370517146149262202135373
190935755940078204192281116849440669334,44846035002538423940254866692446905789
191096793507190466264245512471462246356,173384960937931876385023213640263874592
194528232774365114442269764570743624552,150066399457575101520657213318430871995
257253256556813622020186041961441424301,226342940304788454259156272952152373691
251819270467590735844603125195489413250,144245055343747350857761813471954894645
185932546620564965222531852580189773767,140203335778128648214168959889312976512
102597627748114995718487819961932766680,207666753799205090106850204209310047730
116283513766756777386768075563114852288,166666599165109596292262722174146619997
90516606752520331681158271678092594140,13712340418141900473868299767906881124
135088732498495127493789744219679080718,65354856555783556733392590283886238085
198300505542613741754806860674079061241,306309943860551243967187173220067300646
36603663452714530906614751265021413992,319632656565539237563578812739016367548
4695027314328330560854107774103465770,34334840144459485328842738787184331807
74302085226505730022230858757326197720,25950504747831206459958118479282461849
257355835683705987067924467883659782578,65210972737042123193468338181238564593
21865970719163545777740659311339512063,126500444320775562542378300261988438006
281455032445042198427348246958333375226,18379973210464503868204740357377694119
178699698648504314842340277857370833192,297985379330084073212291892685380270964
149598296090870300434945769620865169569,200637119339714888938498157152732065821
235854515602853892833562614386823707457,168195868384772177444574299460582381314
297946609625505317324372436398566624210,292252876932095372679191393267145225984
3278032368112909465917161414436377414,31601962729237052243662002033052652301
8894340863921796352961986997230161488,3452440842398476024790382095294444985
210500901355883673181959212894469328942,234298205427151484694192318199702679119
52086035300630661918474576968823180505,15596993545954486752961196200469500996
197359101140956396734825406415944485268,35067436168905291236780226992184620553
45554362805059905214415897409116750494,7686761346693984794076827659449177222
55207866029363408104006957839763443473,127543913201334781205084035910220842383
288085918979666314145029718948534577779,84352558897606227620407654667557001127
37458121099276784560501958093367022116,215874337602308096720156814020834144843
55712537792291352467782139869286726694,107364239723361485642887328030375113583
60853325434162486909370942965460861374,83163592513742937456067986750815591933
45108903157181086350820828273150434307,244579316534852657762437927116478003392
60728312890377409680575234863995558499,73048492775706437758764038055725957015
324225300382157284258472307276278600214,166456361221664256574412585694999894405
98310825082505260506775804760518740785,249011653945814349449833824809523424114
248946947467597018579214056143326467010,109363812880614393952161618039022523056
44424633614294880783962977466133908204,253507369751714725786439654297576962577
256884081561580756034831899688283030027,292298127406789760187134641248512084481
311875172487473263587470421787194849535,311386906923748927287335990289581019230
27187370427764444990440390184389118077,119495124838523364755586298853007141140
134034485241125919914006331483075667614,59370939333032258465219099439211630898
84347691406869780776022880381934840209,6689716464526703113749809768515550749
91784737964491545305809411421370322227,91109135451429542656981440992762126772
269058221469153159363381292714779290627,7135259499471086180359216895490055599
107259296168181866042566109439491627379,207778565307332146595736294205082318592
11652023468027516011215129409433908597,38053719915227567468864478035200637782
129217339950931411410761455644913113943,107793143850965492730916841030375037651
103023235692473606333260521682767253882,156518720298869989498673195117324892388
64897734720705738364627791293216813822,273953979228883528784154934241940551662
161040813392992426668678755701169333327,106820352498718478080912993495709992370
57130943218599355009350719395696572041,47909291447314654232143320418374324930
179100227164980880182397430113789881174,227260990969908816270268323636459134420
266133139698275841891123932453468407326,12263972823239918565616497001028379665
80014843443547553542331689034258493155,18109742996105264684122831657663311096
37149018000947579005348072963321713385,331908043653778150239250821461053367161
108214402442783261018164641540872170936,286056701416542618340446545047613134975
169755400884278529174796563834595473679,116218070037610462486129756678960567680
57247148597643899217786999952727140732,275669001281821238955529599560618569727
334610836316647418111385662871840777889,210599944385876995117601537900617395080
101062919855000999433212182473336555975,292574236695578697237931750622821623602
230473609772308130117864606104619522218,174122164822443729479760951652190232320
167657405561263421207737938903428730315,35700877092325634400579633748708477810
32326560290179776763436754843847522712,177297043451500911066732077875838109176
151824309429720077053129910384460249715,56252380557274402313711499290285674109
127242592169106124274977938952377632149,317241297287341500998731364129143591947
62398006300226813601459446670280099201,153643319333404873423680692871738563581
206526812876048430533194917425398168191,91078758864363013745514915665541063722
258295830587098600495325376307002833065,97221118044659037060302188260193418987
242816365090243559772187949007059225993,204158277769222097754129070725427724597
54828866291987541153814373501227014778,301474839931586044402517243250343918760
70683486518668987812341775113476837294,235745082846866493394955241848352663632
118250015913319987577874357621155075263,107315264393592916019826019186820168914
214772730927003421077749560734665860618,34246749169006030290999631571025202351
162770201744034446246257629962364727797,322623196081066678696092440018533447627
73103116072167099642335409361317450305,283775008248812594213075969999965992837
46736456069168259348718110280861809185,269525733400138098274501750377757289579
184629361733188380259945065900351916726,54553110981255560388106980654510905729
300353861217550252612114390931460127755,288879268062642987728139424703612393947
70818659810288919439486261205728145558,310963457745832511562310971398715886726
44242546620170207382871128439164533585,186506143842327202279900986709161017760
290716547180839846202536965285765021413,113873815893472533091739936854495750993
66206554937291247641808210395223251143,183021978199331960309444580035784715510
136786226264529189403440201652650441211,227381004817738976364017381339767803551
589282792897969145254429855276134683,163149039698186668655138527884458817582
13738188906430388191911037867999572248,331033307182840105112284623509764131849
244370415336513807412304063566784866154,184224438015232456131556522680249258912
92893952860190274594458440838547411729,78520680690288214249382156465686050503
331114811493424674922374012720499165133,262143003192633991271633303502710930368
139016555616167246251917656580795142560,5333325892274170562471006985189599736
31409883061505765709134366853907611605,267411755979474243312297469792240484463
242275699172381091958484375524227634008,168346808277112773724707187751551565331
113135246831489268472330884338960599308,124625463850084723941590449626917200873
63792551582623658608298208845007008780,200499994993727203271966702913870312778
75625920559437701270219609796673275816,163709202400495288677568524410067132834
162260587153156903050510391990544470593,302370702369971545987599882829474753066
218395025780491582717349853396574542258,319196353621225674587184955499986569463
26316745375772164938291210401760490704,46757757366451603534074892715417318175
281760472431197305477555838279825877700,274785682417650993117201654458977968827
60612117581576132364342697044939124233,88246752806602788063694409033022156740
148605724587169362436351483564758238348,173662124749072718007786325373550972239
223157359368337211594333091387784710596,47024223070164993479055678402707820554
329974700985992350651689540749760021408,50904620871900520437758414585100739063
181227162109603054758686886290202724445,124774373721049701844388243329959862880
243979485398964895769152735085587880756,69789139365646703987021500481913694562
196389135040403552980781015504603190887,282547976359908260475352700358308629857
257270943394192285139226629773184101445,246580316700735909609247010613491134212
29455957879007087759253259580845592458,203687629786874628545659081771207468402
81160817038706296480539070566182659550,257232594378641612545625415687285515947
85244304053487461191305878608554267389,320256860940917931998053153850120985790
38267350069554545767506348889202041446,73827520119649024705787974227287216169
204963278518657953329554489947996992200,144994842178573836010235136784368626890
93195768230971848014110955074205188698,208166428408322625872172669896102856509
334431741935551188021167736485264408466,304841568240169861700457508062593426684
217178954671981950988281897819847213624,184922138291938397652065537247049160842
314305155930616587047890960608319258684,216365491483380137973574416256791081422
15030391092824702543531402531013952799,174098056133738571028094371972273450035
325785253312553493126903021107806936584,261859287374705632657108898761027797449
217843202658161369525335278363808139044,184360076802446901288902114906673692614
72008479393959282938304678878577736757,291040768366347671285100348309389835100
139960929350876794041315159467970724747,48250438471396933312054982318920138174
76657011813554021525156609687034329699,309510037595706701785187445240301306396
219550972883278299583310145423421277617,131180801138747787257766485436211586265
61115101961699414789944971816911455470,302402217499330687766467642557020274669
119702909967933623470606305731442797882,216067415974042427885001562246732600021
149878488881620825784203730181141481189,339633118250943465706330727848930923683
315624075306063148720772253795044982978,102743058877996934158470481770865969130
300055948221152262807509477389469296498,310216252579621745365439748268878551199
16830366206598966816447277070866992970,80793087567224629006671410140922556061
64202503730913764704531243322490494641,264229021835182155340641074865713127325
70089733572727583584078567197569803035,271552898781011357933478566772036268643
17864246909235874588543897362322517854,158225377918549759742237691801947873568
263361044686421286594562096047611137911,255888352489341137814353943715127660253
114665243924375512816084051643916607342,135196997945853187174019972318902977762
248972551420925428997552144906983836486,90967780282385982007284929046766332923
236363351883775518478907672259200232045,13546380970361495074374225803677867179
96128847956609715640739322392907661848,61648803236732292980638372945287528546
778111316554839217308920736733405074,100034283592410327743618963723970222025
35748473877647415648892461149129796740,52439864725899259210775505364558239156
162852600502870928632388370353687563203,51071054056588061069290608534206019489
106702341257206495425333363618358032725,21618624292083346907777304603645420887
54691438869752441170498551763955608794,190945279842465945175620780300196129942
130145774967686361985547254214079059436,136367419222265699431535688483706777909
30031384589596871749356387658959995591,28387271194644867488176265772233759607
161342621329763880757068425909658684400,198782942681321925774544467376492083905
252196905951306840463598616059616490125,50724690066974287072703297932312517052
134969439624446180889936663562337077344,4688514449798819400145444806387477981
226395041642937526229025639965914127109,96309748580543804571082607154503455127
327403238100783990411480850774692687686,15272321812348349065481147496975783140
233754693737272269209182526906982708112,263569983064550828607968159963257103414
160341406160537589061655663676531344317,161362708324776659291760876849580001134
5657676871201192468658331951386826730,240603465286062488775016060912835677460
76839516599715571863187509602713440096,30959081555801804394201429054331173482
101101362881345478941996706425789151736,188075771500392936309892407887981620620
104207397499107144301564877801198470892,127820445927049883127313798564833106021
304625427110958440378102527818688572856,213718901097553573298627775581999836555
31118003705635909661321889060081582944,39547788766294536392835190962201735643
171694319314322299781853549322684507498,111871312149088841161059556587588702958
148804722219976461580285175747320791671,154606627211297024566566398576782824440
192613245727254541826572908617686970257,43775666964706556057011945666918472938
36131011077871833676079091355728686238,155877170605131281091096649282902859183
234539079945567760871015097550407404803,259373294909224360465901873787574641935
267621920886368591507041337173304618551,253428329783680181946382114585326899627
273268569480187701502290405031803297851,243567352653699256949937047879154696923
159619787990228083612185458220302943794,250985142707326387183365436061367151815
60097854848049203988915218986061637561,95564095869121589896320253916973369855
254634199119331548219492384872306058526,5352933993905012581009173868843163757
295338757778669712716650161649866076005,98795792381928419666084273431048054385
154217189088078979526500458939749101889,90608974165073920099215339063396135659
206458489533102150680311581164752714358,298925298842688940441129471918242209534
276150109060499421735888089078517383022,178080721309751507145788726309455154665
250721246459725393259053209584002885119,10239017338167272841113847395674367575
27837707465120364992282671992370259045,139270645370758208736231967543160616200
14582561226207421262962976386007366260,283946246640675789081010806657167244699
7964884781725844073532168914856365155,14725426230939903269040973172146564137
61304445335187814673252408174564825501,307317380662025557436754612107257105253
123242508732692307726591683598369083085,126251407683307427002875785342763928007
161854443041623509782236607439093304024,134160977488161405208058281516018597315
86108238276837193095661963603434238928,243889717228071994645726482339344039796
270450743193226004134122594362500952217,52894375072761269250819346048545935382
275392791541467416045765541770318165933,114901710874202014501729439988778859991
13525953968047131495974023067229898628,315230216545165153743208573631032175512
144508872823904933462157807720576216396,223734848199900404430765766566862480418
137337202368661180736334146916054253805,53280716807693500058285603990619617203
292783072469199889837988582460650162450,253990442523782872917593024143550359873
83608026887108346432731923251948852738,80422022302704365631529116212647927733
239580563440619687965686236790250019978,243959986535555603598735700599833623924
225981151541335298798417202924146902669,77707287045112701489336849767217432830
210914726469431079940294838792582968525,170634951712391459035511034606254288219
322404621225782084194378162652110498231,166957792465693102245764841013997138773
149057465901487244942571754138735853211,167929457562502259686873435298834988016
64091776572405630176370081851818189301,336743452379513522076169875946683940396
80453614416306220887323386468267363541,226679488201950553433853410145093025486
330213336333097175526925638268520318433,206908587637224629560220128077434885766
235836636426991228278037182513514301279,85751015831406577890639536783204869803
293627730485413018147853430749111266222,89987670464253565278459367507956314527
289659176857572097870540830169284985801,287992195018232147401720079530100598257
245932181474664423417873645308956520434,193001727966416591180947378062960836744
310101693719939943283363308561781202352,307675156049561049356336400155922043794
131648639828134581069120328307305296270,255285717706224765364251939846841069953
280775501790209613592396911644389769106,122553742601878878502005755368235225823
339492705135530191334191807462517405544,258907506555765670484536292538768306997
212702438708042323472572826437293930649,201716220551545790358253026703111854860
240740800061893769215037462008529080434,206286113953804055294084558930381170981
182841962326645563759059161525488055119,94359476201887692314060177007779184134
311137752559619323245307123043871367761,187382702574277053998778169019672694469
131126087621172283113910908768029453548,223350208142091294927925952390770995348
143946445557379548224640892295358302470,70622597558309367356134702096966959177
59175098289342919365802044385438053782,126444274217164671373340829061545243623
45460919725489335019058448842207954546,272935134593400728025948926045702797888
313443946558978476685731210269919230444,85278528352736433249869868381369533172
172833820182130159674185316226227545547,161427609114791874368210433139286905343
7522188700003426709491180023410134156,76578450727322254797431583238790335464
133951813606257776511297044800226296816,296063503463649774142608704900727461271
87356499306541649797158195629722395869,120517133744098138170165655528675086442
179805139129941384869137895471617188889,139220653644440566334626364029869603653
303050524388587767404897235207083606589,153823106119343902918554806782304493453
88729908922152265236230147240189268420,203982023364343020012052212800035762817
285235666807475940990213227686420550920,129785950598353773289688185869713706603
116536056333257755198569681794155724502,88741206080876977471502554951949146968
236390688427528918273232522373448623700,55723605100043878196669364245120339684
68688685322111414531182001354516472957,81181349672867737684806328280138617021
52877071266778880418374386725791870393,50303593309581829626360467160278666156
93334336637175436787675061512174728693,85692886332345237833424080964664376906
